Assembly,AssyKg,AssyLength,AssyQty,BlackPregal,Cope,CutLength,Description,FabRqd,Finish,HasHoles,KgPerProfile,KgTotal,Mitre,ParentPart,Part,PartType,ProcessNote,Profile,QtyPerAssy,QtyTotal,Revision,SalesOrder,ScopeId,SideCleat,Splay,StdPart,Stock,SurfaceArea,Welding,WSBs
B1,390,7000,1,NULL,0,217,PFC250*90,NULL,PRIMED,0,9,9,0,m1,GK4,Component,NULL,GK4,3,3,B,J156009,3,0,0,1,NONE,NULL,1,1
B1,390,7000,1,NULL,0,7000,PFC250*90,NULL,PRIMED,1,248,248,0,NULL,m1,MainBeam,NULL,PFC250*90,1,1,B,J156009,3,0,0,0,BLACK,NULL,1,1
B1,390,7000,1,NULL,0,5400,PFC250*90,NULL,NONE,1,127,127,0,m1,m2,Beam,NULL,SMART COMPI-BAR,1,1,B,J156009,3,0,0,0,PREGAL,NULL,1,1
B10,19,1073,1,PREGAL,1,1073,UA150*100*10,NULL,PREGAL,1,19,19,0,NULL,m11,MainBeam,NULL,UA150*100*10,1,1,B,J156009,3,0,0,0,PREGAL,NULL,0,0
B11,31,1740,1,PREGAL,0,1740,UA150*100*10,NULL,PREGAL,0,31,31,0,NULL,m12,MainBeam,NULL,UA150*100*10,1,1,B,J156009,3,0,0,0,PREGAL,NULL,0,0
B12,260,5070,1,NULL,0,5070,PFC250*90,NULL,PRIMED,1,180,180,0,NULL,m6,MainBeam,NULL,PFC250*90,1,1,B,J156009,3,0,0,0,BLACK,NULL,1,0
B12,260,5070,1,NULL,0,5070,PFC250*90,NULL,PRIMED,1,80,80,0,m6,m7,Beam,NULL,FL10*200,1,1,B,J156009,3,0,0,0,BLACK,NULL,1,0
B13,45,1430,1,NULL,0,1430,SMART TBAR 200X10(H) 200X10(V),NULL,PREGAL,0,45,45,0,NULL,m14,MainBeam,NULL,SMART TBAR 200X10(H) 200X10(V),1,1,B,J156009,3,0,0,0,PREGAL,NULL,0,0
B14,109,3470,1,NULL,0,3470,SMART TBAR 200X10(H) 200X10(V),NULL,PREGAL,0,109,109,0,NULL,m13,MainBeam,NULL,SMART TBAR 200X10(H) 200X10(V),1,1,B,J156009,3,0,0,0,PREGAL,NULL,0,0
B15,45,1430,1,NULL,0,1430,SMART TBAR 200X10(H) 200X10(V),NULL,PREGAL,0,45,45,0,NULL,m14,MainBeam,NULL,SMART TBAR 200X10(H) 200X10(V),1,1,B,J156009,3,0,0,0,PREGAL,NULL,0,0
B16,86,4750,1,PREGAL,0,4750,UA150*100*10,NULL,PREGAL,0,86,86,0,NULL,m18,MainBeam,NULL,UA150*100*10,1,1,B,J156009,3,0,0,0,PREGAL,NULL,0,0
B2,882,7000,1,NULL,0,7000,UC250*90,NULL,PRIMED,1,626,626,0,NULL,m3,MainBeam,NULL,UC250*90,1,1,B,J156009,3,0,0,0,BLACK,NULL,1,0
B2,882,7000,1,NULL,0,2400,UC250*90,NULL,PRIMED,0,43,43,0,m3,p3,Component,NULL,PL10,1,1,B,J156009,3,0,0,0,NONE,NULL,1,0
B2,882,7000,1,NULL,0,2400,UC250*90,NULL,PRIMED,0,87,87,0,m3,p4,Component,NULL,PL10,2,2,B,J156009,3,0,0,0,NONE,NULL,1,0
B2,882,7000,1,NULL,0,2200,UC250*90,NULL,PRIMED,0,40,40,0,m3,p5,Component,NULL,PL10,1,1,B,J156009,3,0,0,0,NONE,NULL,1,0
B2,882,7000,1,NULL,0,2400,UC250*90,NULL,PRIMED,0,43,43,0,m3,p6,Component,NULL,PL10,1,1,B,J156009,3,0,0,0,NONE,NULL,1,0
B2,882,7000,1,NULL,0,2200,UC250*90,NULL,PRIMED,0,40,40,0,m3,p7,Component,NULL,PL10,1,1,B,J156009,3,0,0,0,NONE,NULL,1,0
B2,882,7000,1,NULL,0,190,UC250*90,NULL,PRIMED,0,1,1,0,m3,SP161,Component,NULL,zSP161,1,1,B,J156009,3,0,0,1,NONE,NULL,1,0
B2,882,7000,1,NULL,0,100,UC250*90,NULL,PRIMED,0,1,1,0,m3,SP17,Component,NULL,SP17,1,1,B,J156009,3,0,0,1,NONE,NULL,1,0
B3,379,5197,1,NULL,1,5197,UC250*73,NULL,PRIMED,1,379,379,0,NULL,m5,MainBeam,NULL,UC250*73,1,1,B,J156009,3,0,0,0,BLACK,NULL,0,0
B4,167,5300,1,NULL,0,5300,SMART TBAR 200X10(H) 200X10(V),NULL,PREGAL,0,166,166,0,NULL,m16,MainBeam,NULL,SMART TBAR 200X10(H) 200X10(V),1,1,B,J156009,3,0,0,0,PREGAL,NULL,1,0
B4,167,5300,1,NULL,0,100,SMART TBAR 200X10(H) 200X10(V),NULL,PREGAL,0,1,1,0,m16,SP17,Component,NULL,SP17,1,1,B,J156009,3,0,0,1,NONE,NULL,1,0
B5,45,1420,1,NULL,1,1420,SMART TBAR 200X10(H) 200X10(V),NULL,PREGAL,1,45,45,0,NULL,m15,MainBeam,NULL,SMART TBAR 200X10(H) 200X10(V),1,1,B,J156009,3,0,0,0,PREGAL,NULL,0,0
B6,109,3470,1,NULL,0,3470,SMART TBAR 200X10(H) 200X10(V),NULL,PREGAL,0,109,109,0,NULL,m13,MainBeam,NULL,SMART TBAR 200X10(H) 200X10(V),1,1,B,J156009,3,0,0,0,PREGAL,NULL,0,0
B7,45,1430,1,NULL,0,1430,SMART TBAR 200X10(H) 200X10(V),NULL,PREGAL,0,45,45,0,NULL,m14,MainBeam,NULL,SMART TBAR 200X10(H) 200X10(V),1,1,B,J156009,3,0,0,0,PREGAL,NULL,0,0
B8,77,3671,1,NULL,0,3671,PFC180*75,NULL,PRIMED,1,77,77,0,NULL,m9,MainBeam,NULL,PFC180*75,1,1,B,J156009,3,0,0,0,BLACK,NULL,0,0
B9,238,6740,1,NULL,0,6740,SMART TBAR 200X10(H) 250X10(V),NULL,PREGAL,0,238,238,0,NULL,m17,MainBeam,NULL,SMART TBAR 200X10(H) 250X10(V),1,1,B,J156009,3,0,0,0,PREGAL,NULL,0,0
C1,41,3083,3,NULL,0,3063,SHS89*89*5.0,NULL,PRIMED,0,38,115,0,NULL,m4,MainBeam,NULL,SHS89*89*5.0,1,3,B,J156009,3,0,0,0,PAINTED,NULL,1,0
C1,41,3083,3,NULL,0,89,SHS89*89*5.0,NULL,PRIMED,0,1,4,0,m4,SP131,Component,NULL,zSP131,1,3,B,J156009,3,0,0,1,NONE,NULL,1,0
C1,41,3083,3,NULL,0,144,SHS89*89*5.0,NULL,PRIMED,0,2,5,0,m4,SP7,Component,NULL,SP7,1,3,B,J156009,3,0,0,1,NONE,NULL,1,0
C2,25,2750,1,NULL,0,2730,SHS75*75*4.0,NULL,PRIMED,0,23,23,0,NULL,m8,MainBeam,NULL,SHS75*75*4.0,1,1,B,J156009,3,0,0,0,PAINTED,NULL,1,0
C2,25,2750,1,NULL,0,150,SHS75*75*4.0,NULL,PRIMED,0,1,1,0,m8,SP12,Component,NULL,SP12,1,1,B,J156009,3,0,0,1,NONE,NULL,1,0
C2,25,2750,1,NULL,0,130,SHS75*75*4.0,NULL,PRIMED,0,1,1,0,m8,SP22,Component,NULL,SP22,1,1,B,J156009,3,0,0,1,NONE,NULL,1,0
C3,25,2750,1,NULL,0,2730,SHS75*75*4.0,NULL,PRIMED,0,23,23,0,NULL,m8,MainBeam,NULL,SHS75*75*4.0,1,1,B,J156009,3,0,0,0,PAINTED,NULL,1,0
C3,25,2750,1,NULL,0,150,SHS75*75*4.0,NULL,PRIMED,0,1,1,0,m8,SP12,Component,NULL,SP12,1,1,B,J156009,3,0,0,1,NONE,NULL,1,0
C3,25,2750,1,NULL,0,130,SHS75*75*4.0,NULL,PRIMED,0,1,1,0,m8,SP22,Component,NULL,SP22,1,1,B,J156009,3,0,0,1,NONE,NULL,1,0
C4,82,6079,1,NULL,0,200,SHS89*89*5.0,NULL,PRIMED,0,4,4,0,m8,A1,Component,NULL,A1,1,1,B,J156009,3,0,0,1,NONE,NULL,1,0
C4,82,6079,1,NULL,0,5859,SHS89*89*5.0,NULL,PRIMED,0,73,73,0,NULL,m10,MainBeam,NULL,SHS89*89*5.0,1,1,B,J156009,3,1,0,0,PAINTED,NULL,1,0
C4,82,6079,1,NULL,0,150,SHS89*89*5.0,NULL,PRIMED,0,2,2,0,m10,p1,Component,NULL,p1,1,1,B,J156009,3,0,0,0,NONE,NULL,1,0
C4,82,6079,1,NULL,0,89,SHS89*89*5.0,NULL,PRIMED,0,1,1,0,m10,SP131,Component,NULL,zSP131,1,1,B,J156009,3,0,0,1,NONE,NULL,1,0
C4,82,6079,1,NULL,0,130,SHS89*89*5.0,NULL,PRIMED,0,1,1,0,m10,SP15,Component,NULL,SP15,1,1,B,J156009,3,0,0,1,NONE,NULL,1,0
C5,82,6079,1,NULL,0,200,SHS89*89*5.0,NULL,PRIMED,0,4,4,0,m10,A1,Component,NULL,A1,1,1,B,J156009,3,0,0,1,NONE,NULL,1,0
C5,82,6079,1,NULL,0,5859,SHS89*89*5.0,NULL,PRIMED,0,73,73,0,NULL,m10,MainBeam,NULL,SHS89*89*5.0,1,1,B,J156009,3,1,0,0,PAINTED,NULL,1,0
C5,82,6079,1,NULL,0,150,SHS89*89*5.0,NULL,PRIMED,0,2,2,0,m10,p1,Component,NULL,p1,1,1,B,J156009,3,0,0,0,NONE,NULL,1,0
C5,82,6079,1,NULL,0,89,SHS89*89*5.0,NULL,PRIMED,0,1,1,0,m10,SP131,Component,NULL,zSP131,1,1,B,J156009,3,0,0,1,NONE,NULL,1,0
C5,82,6079,1,NULL,0,130,SHS89*89*5.0,NULL,PRIMED,0,1,1,0,m10,SP15,Component,NULL,SP15,1,1,B,J156009,3,0,0,1,NONE,NULL,1,0
FK,NULL,0,13,NULL,0,1,10mm MS Packing Plate,NULL,NONE,0,NULL,NULL,0,NULL,10mm MS Packing Plate,Fastener,NULL,10mm MS Packing Plate,1,13,NULL,J156009,3,0,0,1,NONE,NULL,0,0
FK,NULL,0,26,NULL,0,1,3mm Plastic Packer,NULL,NONE,0,NULL,NULL,0,NULL,3mm Plastic Packer,Fastener,NULL,3mm Plastic Packer,1,26,NULL,J156009,3,0,0,1,NONE,NULL,0,0
FK,NULL,0,13,NULL,0,1,5mm Plastic Packer,NULL,NONE,0,NULL,NULL,0,NULL,5mm Plastic Packer,Fastener,NULL,5mm Plastic Packer,1,13,NULL,J156009,3,0,0,1,NONE,NULL,0,0
FK,1,0,26,NULL,0,1,BOLTM12*80-THROUGH_BOLT,NULL,NONE,0,1,1,0,NULL,BOLTM12*80-THROUGH_BOLT,Fastener,NULL,BOLTM12*80-THROUGH_BOLT,1,26,NULL,J156009,3,0,0,1,NONE,NULL,0,0
FK,1,0,4,NULL,0,1,BOLTM16*55-8.8,NULL,NONE,0,1,1,0,NULL,BOLTM16*55-8.8,Fastener,NULL,BOLTM16*55-8.8,1,4,NULL,J156009,3,0,0,1,NONE,NULL,0,0
FK,1,0,6,NULL,0,1,BOLTM16*75-8.8,NULL,NONE,0,1,1,0,NULL,BOLTM16*75-8.8,Fastener,NULL,BOLTM16*75-8.8,1,6,NULL,J156009,3,0,0,1,NONE,NULL,0,0
FK,1,0,11,NULL,0,1,BOLTM20*55-8.8,NULL,NONE,0,1,1,0,NULL,BOLTM20*55-8.8,Fastener,NULL,BOLTM20*55-8.8,1,11,NULL,J156009,3,0,0,1,NONE,NULL,0,0
STP1,33,2959,1,NULL,0,1800,AP2,NULL,PREGAL,0,15,15,0,AP2,AP1,Component,NULL,AP1,1,1,B,J156009,3,0,0,1,NONE,NULL,0,0
STP1,33,2959,1,NULL,0,1634,AP2,NULL,PREGAL,0,13,13,0,NULL,AP2,MainBeam,NULL,AP2,1,1,B,J156009,3,0,0,1,NONE,NULL,0,0
STP1,33,2959,1,NULL,0,230,AP2,NULL,PREGAL,0,2,2,0,AP2,AP3,Component,NULL,AP3,1,1,B,J156009,3,0,0,1,NONE,NULL,0,0
STP1,33,2959,1,NULL,0,280,AP2,NULL,PREGAL,0,3,3,0,AP2,AT1,Component,NULL,AT1,1,1,B,J156009,3,0,0,1,NONE,NULL,0,0
STP2,32,2825,1,NULL,0,1800,AP2,NULL,PREGAL,0,15,15,0,AP2,AP1,Component,NULL,AP1,1,1,B,J156009,3,0,0,1,NONE,NULL,0,0
STP2,32,2825,1,NULL,0,1634,AP2,NULL,PREGAL,0,13,13,0,NULL,AP2,MainBeam,NULL,AP2,1,1,B,J156009,3,0,0,1,NONE,NULL,0,0
STP2,32,2825,1,NULL,0,230,AP2,NULL,PREGAL,0,2,2,0,AP2,AP3,Component,NULL,AP3,1,1,B,J156009,3,0,0,1,NONE,NULL,0,0
STP2,32,2825,1,NULL,0,325,AP2,NULL,PREGAL,0,1,1,0,AP2,p2,Component,NULL,FL6*90,1,1,B,J156009,3,0,0,0,NONE,NULL,0,0
STP3,35,2605,1,NULL,0,1800,AP2,NULL,PREGAL,0,15,15,0,AP2,AP1,Component,NULL,AP1,1,1,B,J156009,3,0,0,1,NONE,NULL,0,0
STP3,35,2605,1,NULL,0,1634,AP2,NULL,PREGAL,0,13,13,0,NULL,AP2,MainBeam,NULL,AP2,1,1,B,J156009,3,0,0,1,NONE,NULL,0,0
STP3,35,2605,1,NULL,0,230,AP2,NULL,PREGAL,0,2,2,0,AP2,AP3,Component,NULL,AP3,1,1,B,J156009,3,0,0,1,NONE,NULL,0,0
STP3,35,2605,1,NULL,0,280,AP2,NULL,PREGAL,0,5,5,0,AP2,AT9,Component,NULL,AT9,1,1,B,J156009,3,0,0,1,NONE,NULL,0,0
STP4,38,2665,1,NULL,0,1800,AP2,NULL,PREGAL,0,15,15,0,AP2,AP1,Component,NULL,AP1,1,1,B,J156009,3,0,0,1,NONE,NULL,0,0
STP4,38,2665,1,NULL,0,1634,AP2,NULL,PREGAL,0,13,13,0,NULL,AP2,MainBeam,NULL,AP2,1,1,B,J156009,3,0,0,1,NONE,NULL,0,0
STP4,38,2665,1,NULL,0,230,AP2,NULL,PREGAL,0,2,2,0,AP2,AP3,Component,NULL,AP3,1,1,B,J156009,3,0,0,1,NONE,NULL,0,0
STP4,38,2665,1,NULL,0,340,AP2,NULL,PREGAL,0,7,7,0,AP2,AT2,Component,NULL,AT2,1,1,B,J156009,3,0,0,1,NONE,NULL,0,0
